{
    "A": {
        "metrics/precision(B)": 0.975544019405283, 
        "metrics/recall(B)": 0.9548218940052129, 
        "metrics/mAP50(B)": 0.9763681916098388, 
        "metrics/mAP50-95(B)": 0.8877485212221089, 
        "fitness": 0.8966104882608819},
    "B": {
        "metrics/precision(B)": [0.956669283607663, [0.9565195862299293, 0.957153986804309, 0.9564254885806501, 0.9565780728157635]], 
        "metrics/recall(B)": [0.9232342519737435, [0.856610569459107, 0.9447244963664788, 0.9436826640548482, 0.94791927801454]], 
        "metrics/mAP50(B)": [0.945833242719355, [0.903711211569001, 0.9595114223595842, 0.9596689343325218, 0.9604414026163132]], 
        "metrics/mAP50-95(B)": [0.7944490419767574, [0.7568019299752884, 0.8008758725931322, 0.8080170661387619, 0.8121012991998466]], 
        "fitness": [0.8095874620510171, [0.7714928581346596, 0.8167394275697775, 0.8231822529581379, 0.8269353095414933]]}, 
    "C": {
        "metrics/precision(B)": [0.9674122059765725, [0.9626971658968962, 0.9597777475167301, 0.9770231110351703, 0.9701507994574935]], 
        "metrics/recall(B)": [0.9286673006336776, [0.9451809829191589, 0.9361349902984086, 0.8874611695312354, 0.9458920597859077]], 
        "metrics/mAP50(B)": [0.9614953790760995, [0.9665024280633704, 0.9607514577745176, 0.9574569578002288, 0.9612706726662813]], 
        "metrics/mAP50-95(B)": [0.811506795333429, [0.816554195706941, 0.8129979390980535, 0.8004994472220446, 0.8159755993066764]], 
        "fitness": [0.826505653707696, [0.8315490189425839, 0.8277732909657, 0.8161951982798631, 0.8305051066426369]]}
}